{ 
    "restartPoint": {},
    "restartBot": {},
    "userAgent": {},
    "keyCommand": "",
    "autoAdd": false,
    "autoJoin": false,
    "autoReject": false,
    "autoLeave": true,
    "autoRead": false,
    "server": {},
    "changePicture": false,
    "changeGroupPicture": false,
    "autoJoinTicket": false,
    "Img": {},
    "Images": {},
    "Addimage": false,
    "NIARAdmin": {},
    "NIARGfoto": {},
    "NIARSDadmin": false,
    "NIARSDstaff": false,
    "NIARSadmin": false,
    "NIARSstaff": false,
    "NIARStaff": {},
    "NIARautojoin": true,
    "NIARautoread": false,
    "NIARautoscan": false,
    "NIARblacklist": {
        "ucf97e89bfc77943c7d11c52c9c46b2b9": true
    },
    "NIARdblacklist": false,
    "famzfoto": {},
    "NIARgreet": {},
    "NIARlimit": 1,
    "NIARmessage": "Hallo...",
    "NIARmessage1": "http://line.me/ti/p/~noviansyah39",
    "NIARprotectqr": {},
    "NIARprotectinvite": {},
    "NIARprotectjoin": {},
    "NIARprotectkick": {},
    "NIARprotectcancel": {},
    "famzreadMember": {},
    "famzreadPoint": {},
    "NIARwblacklist": false,
    "NIARTEAMBOT": false
}
