{
    "limit": 1,
    "owner":{},
    "admin":{},
    "addadmin":false,
    "delladmin":false,
    "staff":{},
    "addstaff":false,
    "dellstaff":false,
    "bots":{},
    "addbots":false,
    "dellbots":false,
    "blacklist":{},
    "wblacklist":false,
    "dblacklist":false,
    "Talkblacklist":{},
    "Talkwblacklist":false,
    "Talkdblacklist":false,
    "talkban":true,
    "contact":false,
    "autoJoin":true,
    "autoAdd":true,
    "autoLeave":false,
    "autoLeave1":false,
    "detectMention":false,
    "Mentiongift":false,
    "Mentionkick":false,
    "welcomeOn":false,
    "sticker":false,
    "selfbot":true,
    "unsend":false,
    "mention":"Hayoo ngintip -_-",
    "Respontag":"Kalau Kangen PC aja... tag mulu -_-",
    "welcome":"Selamat datang & semoga Betah",
    "leave":"Good Bye, See You Next Time 😃",
    "comment":"Like like & like by Noviansyah",
    "message":"Terimakasih sudah add saya 😃"
}